postgres=# SELECT * FROM films;
       title        | id |          country           | box_office | release_date
--------------------+----+----------------------------+------------+--------------
 Английский_пациент |  1 | США_Великобритания         |  231976425 | 1996-11-06
 Аватар             |  2 | США_Великобритания         | 2782275172 | 2009-12-10
 Гладиатор          |  3 | США_Великобритания         |  457640427 | 2000-05-01
 Реальная_любовь    |  4 | США_Великобритания_Франция |  246942017 | 2003-09-07
 Я_Робот            |  5 | США_Германия               |  347234916 | 2004-07-07
(5 rows)

postgres=# SELECT * FROM persons;
 person_id |      fio
-----------+----------------
         1 | Рэйф_Файнц
         2 | Сэм_Уортингтон
         3 | Рассел_Кроу
         4 | Колин_Фёрт
         5 | Уилл_Смит
(5 rows)

postgres=# SELECT * FROM persons2content;
 person_id | id | person_type
-----------+----+-------------
         1 |  1 | актёр
         2 |  2 | актёр
         3 |  3 | актёр
         4 |  4 | актёр
         5 |  5 | актёр
(5 rows)

postgres=#